{
  "metadata": {
    "description": "Comprehensive d=5 linear Gaussian benchmark",
    "n_seeds": 5,
    "seeds": [
      42,
      43,
      44,
      45,
      46
    ],
    "d": 5,
    "n": 1000,
    "data_config": {
      "edge_prob": 0.2,
      "noise_scale": 0.1,
      "split": "60/20/20"
    },
    "methods": [
      "Bootstrap(30)",
      "Single NOTEARS",
      "Random"
    ]
  },
  "by_seed": [
    {
      "seed": 42,
      "d": 5,
      "n_tr": 600,
      "n_va": 200,
      "n_te": 200,
      "true_edges": 2,
      "Bootstrap(30)": {
        "shd": 0.0,
        "expected_shd": 1.7975130471187002,
        "precision": 1.0,
        "recall": 1.0,
        "f1": 1.0,
        "true_edges": 2,
        "est_edges": 2,
        "auc_pr": 1.0,
        "ece": 0.11499999999999999,
        "brier_score": 0.0318366755325006,
        "time_s": 3.6505954265594482
      },
      "Single NOTEARS": {
        "shd": 0.0,
        "expected_shd": 0.0,
        "precision": 1.0,
        "recall": 1.0,
        "f1": 1.0,
        "true_edges": 2,
        "est_edges": 2,
        "auc_pr": 1.0,
        "ece": 0.05,
        "brier_score": 0.0,
        "time_s": 0.14971494674682617
      },
      "Random": {
        "shd": 4.5,
        "expected_shd": 10.368470362654543,
        "precision": 0.18181818181818182,
        "recall": 1.0,
        "f1": 0.3076923076923077,
        "true_edges": 2,
        "est_edges": 11,
        "auc_pr": 0.12045454545454547,
        "ece": 0.51,
        "brier_score": 0.37760795728261093,
        "time_s": 0.0003948211669921875
      }
    },
    {
      "seed": 43,
      "d": 5,
      "n_tr": 600,
      "n_va": 200,
      "n_te": 200,
      "true_edges": 5,
      "Bootstrap(30)": {
        "shd": 4.0,
        "expected_shd": 9.30742274858556,
        "precision": 0.3333333333333333,
        "recall": 0.6,
        "f1": 0.42857142857142855,
        "true_edges": 5,
        "est_edges": 9,
        "auc_pr": 0.3292986425339367,
        "ece": 0.32,
        "brier_score": 0.3779031960289369,
        "time_s": 5.463641166687012
      },
      "Single NOTEARS": {
        "shd": 5.0,
        "expected_shd": 10.0,
        "precision": 0.14285714285714285,
        "recall": 0.2,
        "f1": 0.16666666666666666,
        "true_edges": 5,
        "est_edges": 7,
        "auc_pr": 0.2714285714285714,
        "ece": 0.2576923076923077,
        "brier_score": 0.5,
        "time_s": 0.11346030235290527
      },
      "Random": {
        "shd": 6.5,
        "expected_shd": 11.596753859882542,
        "precision": 0.1,
        "recall": 0.2,
        "f1": 0.13333333333333333,
        "true_edges": 5,
        "est_edges": 10,
        "auc_pr": 0.18678198993988468,
        "ece": 0.45500000000000007,
        "brier_score": 0.4327192988483997,
        "time_s": 0.0002722740173339844
      }
    },
    {
      "seed": 44,
      "d": 5,
      "n_tr": 600,
      "n_va": 200,
      "n_te": 200,
      "true_edges": 2,
      "Bootstrap(30)": {
        "shd": 1.0,
        "expected_shd": 2.8203516855086574,
        "precision": 0.0,
        "recall": 0.0,
        "f1": 0.0,
        "true_edges": 2,
        "est_edges": 0,
        "auc_pr": 0.5833333333333333,
        "ece": 0.07500000000000001,
        "brier_score": 0.06714507403582765,
        "time_s": 6.407903432846069
      },
      "Single NOTEARS": {
        "shd": 1.5,
        "expected_shd": 3.0,
        "precision": 0.3333333333333333,
        "recall": 0.5,
        "f1": 0.4,
        "true_edges": 2,
        "est_edges": 3,
        "auc_pr": 0.44166666666666665,
        "ece": 0.008823529411764702,
        "brier_score": 0.15,
        "time_s": 0.13281869888305664
      },
      "Random": {
        "shd": 4.5,
        "expected_shd": 9.771341634209982,
        "precision": 0.1111111111111111,
        "recall": 0.5,
        "f1": 0.1818181818181818,
        "true_edges": 2,
        "est_edges": 9,
        "auc_pr": 0.10606060606060605,
        "ece": 0.3950000000000001,
        "brier_score": 0.32095104206999975,
        "time_s": 0.00031566619873046875
      }
    },
    {
      "seed": 45,
      "d": 5,
      "n_tr": 600,
      "n_va": 200,
      "n_te": 200,
      "true_edges": 2,
      "Bootstrap(30)": {
        "shd": 0.5,
        "expected_shd": 2.1852903506561123,
        "precision": 1.0,
        "recall": 0.5,
        "f1": 0.6666666666666666,
        "true_edges": 2,
        "est_edges": 1,
        "auc_pr": 0.9166666666666666,
        "ece": 0.05500000000000001,
        "brier_score": 0.04931084481600439,
        "time_s": 9.412712335586548
      },
      "Single NOTEARS": {
        "shd": 1.0,
        "expected_shd": 2.0,
        "precision": 0.5,
        "recall": 0.5,
        "f1": 0.5,
        "true_edges": 2,
        "est_edges": 2,
        "auc_pr": 0.525,
        "ece": 0.00555555555555555,
        "brier_score": 0.1,
        "time_s": 0.2688174247741699
      },
      "Random": {
        "shd": 3.0,
        "expected_shd": 8.361575921698742,
        "precision": 0.16666666666666666,
        "recall": 0.5,
        "f1": 0.25,
        "true_edges": 2,
        "est_edges": 6,
        "auc_pr": 0.11744505494505494,
        "ece": 0.30000000000000004,
        "brier_score": 0.23329082654156658,
        "time_s": 0.00033283233642578125
      }
    },
    {
      "seed": 46,
      "d": 5,
      "n_tr": 600,
      "n_va": 200,
      "n_te": 200,
      "true_edges": 4,
      "Bootstrap(30)": {
        "shd": 3.5,
        "expected_shd": 7.3999999999999995,
        "precision": 0.2,
        "recall": 0.25,
        "f1": 0.22222222222222224,
        "true_edges": 4,
        "est_edges": 5,
        "auc_pr": 0.146875,
        "ece": 0.16249999999999998,
        "brier_score": 0.3522222222222222,
        "time_s": 5.213528871536255
      },
      "Single NOTEARS": {
        "shd": 3.5,
        "expected_shd": 7.0,
        "precision": 0.2,
        "recall": 0.25,
        "f1": 0.22222222222222224,
        "true_edges": 4,
        "est_edges": 5,
        "auc_pr": 0.30000000000000004,
        "ece": 0.15000000000000002,
        "brier_score": 0.35,
        "time_s": 0.13537979125976562
      },
      "Random": {
        "shd": 5.0,
        "expected_shd": 10.090789982366053,
        "precision": 0.25,
        "recall": 0.75,
        "f1": 0.375,
        "true_edges": 4,
        "est_edges": 12,
        "auc_pr": 0.5109477124183006,
        "ece": 0.4050000000000001,
        "brier_score": 0.30438749610782057,
        "time_s": 0.00031065940856933594
      }
    }
  ],
  "summary": {
    "Bootstrap(30)": {
      "shd_mean": 1.8,
      "shd_std": 1.6309506430300091,
      "precision_mean": 0.5066666666666666,
      "precision_std": 0.4165466493816882,
      "recall_mean": 0.47000000000000003,
      "recall_std": 0.33704599092705434,
      "f1_mean": 0.4634920634920635,
      "f1_std": 0.347383409298984,
      "auc_pr_mean": 0.5952347285067874,
      "auc_pr_std": 0.3283423539699089,
      "ece_mean": 0.14550000000000002,
      "ece_std": 0.09468896451012652,
      "brier_score_mean": 0.17568360252709833,
      "brier_score_std": 0.1552425667813147,
      "time_s_mean": 6.029676246643066,
      "time_s_std": 1.9096861931532827
    },
    "Single NOTEARS": {
      "shd_mean": 2.2,
      "shd_std": 1.8055470085267786,
      "precision_mean": 0.4352380952380952,
      "precision_std": 0.30801242723110733,
      "recall_mean": 0.49000000000000005,
      "recall_std": 0.2835489375751565,
      "f1_mean": 0.45777777777777784,
      "f1_std": 0.29643145065642346,
      "auc_pr_mean": 0.5076190476190476,
      "auc_pr_std": 0.2630522481576064,
      "ece_mean": 0.09441427853192559,
      "ece_std": 0.09689557715301356,
      "brier_score_mean": 0.22000000000000003,
      "brier_score_std": 0.18055470085267789,
      "time_s_mean": 0.16003823280334473,
      "time_s_std": 0.05560202912137676
    },
    "Random": {
      "shd_mean": 4.7,
      "shd_std": 1.1224972160321824,