{
  "d5_s42_Bootstrap_30": {
    "method": "Bootstrap(30)",
    "seed": 42,
    "experiment": "linear_d5",
    "shd": 0.0,
    "f1": 1.0,
    "precision": 1.0,
    "recall": 1.0,
    "ece": 0.14400000000000002,
    "brier": 0.04213333333333333,
    "entropy": 0.3148805887958449,
    "n_est": 2,
    "n_true": 2,
    "time_boot": 1.6391289234161377,
    "time_single": 0.055394649505615234
  },
  "d5_s42_Bootstrap+Platt": {
    "method": "Bootstrap+Platt",
    "seed": 42,
    "experiment": "linear_d5",
    "shd": 0.0,
    "f1": 1.0,
    "precision": 1.0,
    "recall": 1.0,
    "ece": 0.0003327270709392438,
    "brier": 1.3996725046268403e-06,
    "entropy": 0.0021608292369786775,
    "n_est": 2,
    "n_true": 2,
    "time_boot": 1.6391289234161377,
    "time_single": 0.055394649505615234
  },
  "d5_s42_SingleNOTEARS": {
    "method": "SingleNOTEARS",
    "seed": 42,
    "experiment": "linear_d5",
    "shd": 0.0,
    "f1": 1.0,
    "precision": 1.0,
    "recall": 1.0,
    "ece": 0.0,
    "brier": 0.0,
    "entropy": -9.999999889225291e-09,
    "n_est": 2,
    "n_true": 2,
    "time_boot": 1.6391289234161377,
    "time_single": 0.055394649505615234
  },
  "d5_s43_Bootstrap_30": {
    "method": "Bootstrap(30)",
    "seed": 43,
    "experiment": "linear_d5",
    "shd": 5.0,
    "f1": 0.16666666666666666,
    "precision": 0.14285714285714285,
    "recall": 0.2,
    "ece": 0.3506666666666666,
    "brier": 0.3880444444444444,
    "entropy": 0.19215413123384525,
    "n_est": 7,
    "n_true": 5,
    "time_boot": 1.7140276432037354,
    "time_single": 0.05777716636657715
  },
  "d5_s43_Bootstrap+Platt": {
    "method": "Bootstrap+Platt",
    "seed": 43,
    "experiment": "linear_d5",
    "shd": 2.5,
    "f1": 0.0,
    "precision": 0.0,
    "recall": 0.0,
    "ece": 0.09287127868347468,
    "brier": 0.15854609631659547,
    "entropy": 0.4958270053151685,
    "n_est": 0,
    "n_true": 5,
    "time_boot": 1.7140276432037354,
    "time_single": 0.05777716636657715
  },
  "d5_s43_SingleNOTEARS": {
    "method": "SingleNOTEARS",
    "seed": 43,
    "experiment": "linear_d5",
    "shd": 5.0,
    "f1": 0.16666666666666666,
    "precision": 0.14285714285714285,
    "recall": 0.2,
    "ece": 0.16,
    "brier": 0.4,
    "entropy": -9.999999889225291e-09,
    "n_est": 7,
    "n_true": 5,
    "time_boot": 1.7140276432037354,
    "time_single": 0.05777716636657715
  },
  "d5_s44_Bootstrap_30": {
    "method": "Bootstrap(30)",
    "seed": 44,
    "experiment": "linear_d5",
    "shd": 2.5,
    "f1": 0.28571428571428575,
    "precision": 0.2,
    "recall": 0.5,
    "ece": 0.18533333333333335,
    "brier": 0.13382222222222223,
    "entropy": 0.3460823180666769,
    "n_est": 5,
    "n_true": 2,
    "time_boot": 1.5812559127807617,
    "time_single": 0.05254530906677246
  },
  "d5_s44_Bootstrap+Platt": {
    "method": "Bootstrap+Platt",
    "seed": 44,
    "experiment": "linear_d5",
    "shd": 1.0,
    "f1": 0.0,
    "precision": 0.0,
    "recall": 0.0,
    "ece": 0.07042000949993418,
    "brier": 0.07017049380267586,
    "entropy": 0.23515463944880846,
    "n_est": 0,
    "n_true": 2,
    "time_boot": 1.5812559127807617,
    "time_single": 0.05254530906677246
  },
  "d5_s44_SingleNOTEARS": {
    "method": "SingleNOTEARS",
    "seed": 44,
    "experiment": "linear_d5",
    "shd": 1.5,
    "f1": 0.4,
    "precision": 0.3333333333333333,
    "recall": 0.5,
    "ece": 0.04,
    "brier": 0.12,
    "entropy": -9.999999889225291e-09,
    "n_est": 3,
    "n_true": 2,
    "time_boot": 1.5812559127807617,
    "time_single": 0.05254530906677246
  },
  "d5_s45_Bootstrap_30": {
    "method": "Bootstrap(30)",
    "seed": 45,
    "experiment": "linear_d5",
    "shd": 2.0,
    "f1": 0.0,
    "precision": 0.0,
    "recall": 0.0,
    "ece": 0.14799999999999996,
    "brier": 0.06724444444444445,
    "entropy": 0.3396609303667602,
    "n_est": 2,
    "n_true": 2,
    "time_boot": 1.4906835556030273,
    "time_single": 0.04958176612854004
  },
  "d5_s45_Bootstrap+Platt": {
    "method": "Bootstrap+Platt",
    "seed": 45,
    "experiment": "linear_d5",
    "shd": 1.0,
    "f1": 0.0,
    "precision": 0.0,
    "recall": 0.0,
    "ece": 0.10827398792564838,
    "brier": 0.057477722602389134,
    "entropy": 0.16009585663736584,
    "n_est": 0,
    "n_true": 2,
    "time_boot": 1.4906835556030273,
    "time_single": 0.04958176612854004
  },
  "d5_s45_SingleNOTEARS": {
    "method": "SingleNOTEARS",
    "seed": 45,
    "experiment": "linear_d5",
    "shd": 1.0,
    "f1": 0.5,
    "precision": 0.5,
    "recall": 0.5,
    "ece": 0.04,
    "brier": 0.08,
    "entropy": -9.999999889225291e-09,
    "n_est": 2,
    "n_true": 2,
    "time_boot": 1.4906835556030273,
    "time_single": 0.04958176612854004
  },
  "d5_s46_Bootstrap_30": {
    "method": "Bootstrap(30)",
    "seed": 46,
    "experiment": "linear_d5",
    "shd": 4.0,
    "f1": 0.2,
    "precision": 0.16666666666666666,
    "recall": 0.25,
    "ece": 0.17066666666666666,
    "brier": 0.3078222222222222,
    "entropy": 0.15919027272043032,
    "n_est": 6,
    "n_true": 4,
    "time_boot": 1.573646068572998,
    "time_single": 0.05112600326538086
  },
  "d5_s46_Bootstrap+Platt": {
    "method": "Bootstrap+Platt",
    "seed": 46,
    "experiment": "linear_d5",
    "shd": 2.0,
    "f1": 0.0,
    "precision": 0.0,
    "recall": 0.0,
    "ece": 0.031068786349414054,
    "brier": 0.13345556345565363,
    "entropy": 0.43443201942093573,
    "n_est": 0,
    "n_true": 4,
    "time_boot": 1.573646068572998,
    "time_single": 0.05112600326538086
  },
  "d5_s46_SingleNOTEARS": {
    "method": "SingleNOTEARS",
    "seed": 46,
    "experiment": "linear_d5",
    "shd": 3.5,
    "f1": 0.22222222222222224,
    "precision": 0.2,
    "recall": 0.25,
    "ece": 0.12,
    "brier": 0.28,
    "entropy": -9.999999889225291e-09,
    "n_est": 5,
    "n_true": 4,
    "time_boot": 1.573646068572998,
    "time_single": 0.05112600326538086
  },
  "d5_s47_Bootstrap_30": {
    "method": "Bootstrap(30)",
    "seed": 47,
    "experiment": "linear_d5",
    "shd": 1.5,
    "f1": 0.0,
    "precision": 0.0,
    "recall": 0.0,
    "ece": 0.19599999999999998,
    "brier": 0.08048888888888889,
    "entropy": 0.35876426796585714,
    "n_est": 2,
    "n_true": 1,
    "time_boot": 1.4939079284667969,
    "time_single": 0.05202603340148926
  },
  "d5_s47_Bootstrap+Platt": {
    "method": "Bootstrap+Platt",
    "seed": 47,
    "experiment": "linear_d5",
    "shd": 0.5,
    "f1": 0.0,
    "precision": 0.0,
    "recall": 0.0,
    "ece": 0.029289900241220544,
    "brier": 0.038032591845618996,
    "entropy": 0.14253298044499155,
    "n_est": 0,
    "n_true": 1,
    "time_boot": 1.4939079284667969,
    "time_single": 0.05202603340148926
  },
  "d5_s47_SingleNOTEARS": {
    "method": "SingleNOTEARS",
    "seed": 47,
    "experiment": "linear_d5",
    "shd": 1.0,
    "f1": 0.0,
    "precision": 0.0,
    "recall": 0.0,
    "ece": 0.04,
    "brier": 0.08,
    "entropy": -9.999999889225291e-09,
    "n_est": 1,
    "n_true": 1,
    "time_boot": 1.4939079284667969,
    "time_single": 0.05202603340148926
  },
  "d5_s48_Bootstrap_30": {
    "method": "Bootstrap(30)",
    "seed": 48,
    "experiment": "linear_d5",
    "shd": 3.5,
    "f1": 0.2222222222222222,
    "precision": 0.16666666666666666,
    "recall": 0.3333333333333333,
    "ece": 0.15066666666666667,
    "brier": 0.20626666666666665,
    "entropy": 0.2549235282676942,
    "n_est": 6,
    "n_true": 3,
    "time_boot": 1.6361138820648193,
    "time_single": 0.055145263671875
  },
  "d5_s48_Bootstrap+Platt": {
    "method": "Bootstrap+Platt",
    "seed": 48,
    "experiment": "linear_d5",
    "shd": 1.5,
    "f1": 0.0,
    "precision": 0.0,
    "recall": 0.0,
    "ece": 9.196993186466607e-08,
    "brier": 0.10554160552347343,
    "entropy": 0.36648259877349426,
    "n_est": 0,
    "n_true": 3,
    "time_boot": 1.6361138820648193,
    "time_single": 0.055145263671875
  },
  "d5_s48_SingleNOTEARS": {
    "method": "SingleNOTEARS",
    "seed": 48,