{
  "Sachs (11 proteins)": {
    "CausalNex": {
      "error": "failed"
    },
    "gCastle GES": {
      "shd": 7.5,
      "precision": 0.5714285714285714,
      "recall": 0.47058823529411764,
      "f1": 0.5161290322580646,
      "tp": 8,
      "fp": 6,
      "fn": 9,
      "true_edges": 17,
      "found_edges": 14,
      "cpdag_shd": 11.0,
      "cpdag_precision": 0.875,
      "cpdag_recall": 0.4117647058823529,
      "cpdag_f1": 0.56,
      "time": 0.7621042728424072
    },
    "gCastle PC": {
      "shd": 7.5,
      "precision": 0.5714285714285714,
      "recall": 0.47058823529411764,
      "f1": 0.5161290322580646,
      "tp": 8,
      "fp": 6,
      "fn": 9,
      "true_edges": 17,
      "found_edges": 14,
      "cpdag_shd": 11.0,
      "cpdag_precision": 0.875,
      "cpdag_recall": 0.4117647058823529,
      "cpdag_f1": 0.56,
      "time": 0.029944181442260742
    },
    "gCastle NOTEARS": {
      "shd": 8.5,
      "precision": 0.5,
      "recall": 0.11764705882352941,
      "f1": 0.19047619047619047,
      "tp": 2,
      "fp": 2,
      "fn": 15,
      "true_edges": 17,
      "found_edges": 4,
      "cpdag_shd": 13.0,
      "cpdag_precision": 1.0,
      "cpdag_recall": 0.23529411764705882,
      "cpdag_f1": 0.38095238095238093,
      "time": 1.2888658046722412
    },
    "CB NOTEARS": {
      "shd": 10.5,
      "precision": 0.25,
      "recall": 0.11764705882352941,
      "f1": 0.15999999999999998,
      "tp": 2,
      "fp": 6,
      "fn": 15,
      "true_edges": 17,
      "found_edges": 8,
      "cpdag_shd": 13.0,
      "cpdag_precision": 0.75,
      "cpdag_recall": 0.35294117647058826,
      "cpdag_f1": 0.48,
      "time": 0.2641117572784424
    },
    "CB Bootstrap": {
      "shd": 8.5,
      "precision": 0.5,
      "recall": 0.23529411764705882,
      "f1": 0.31999999999999995,
      "tp": 4,
      "fp": 4,
      "fn": 13,
      "true_edges": 17,
      "found_edges": 8,
      "cpdag_shd": 12.0,
      "cpdag_precision": 0.8571428571428571,
      "cpdag_recall": 0.35294117647058826,
      "cpdag_f1": 0.5,
      "time": 5.46429443359375
    },
    "CB Bootstrap+Prior": {
      "shd": 8.5,
      "precision": 0.5,
      "recall": 0.23529411764705882,
      "f1": 0.31999999999999995,
      "tp": 4,
      "fp": 4,
      "fn": 13,
      "true_edges": 17,
      "found_edges": 8,
      "cpdag_shd": 12.0,
      "cpdag_precision": 0.8571428571428571,
      "cpdag_recall": 0.35294117647058826,
      "cpdag_f1": 0.5,
      "time": 5.4440014362335205
    }
  },
  "Auto MPG (8 vars)": {
    "CausalNex": {
      "error": "failed"
    },
    "gCastle GES": {
      "shd": 11.5,
      "precision": 0.16666666666666666,
      "recall": 0.2727272727272727,
      "f1": 0.20689655172413793,
      "tp": 3,
      "fp": 15,
      "fn": 8,
      "true_edges": 11,
      "found_edges": 18,
      "cpdag_shd": 24.0,
      "cpdag_precision": 0.11764705882352941,
      "cpdag_recall": 0.18181818181818182,
      "cpdag_f1": 0.14285714285714285,
      "time": 0.4107356071472168
    },
    "gCastle PC": {
      "shd": 5.0,
      "precision": 0.5555555555555556,
      "recall": 0.45454545454545453,
      "f1": 0.5,
      "tp": 5,
      "fp": 4,
      "fn": 6,
      "true_edges": 11,
      "found_edges": 9,
      "cpdag_shd": 12.0,
      "cpdag_precision": 0.4444444444444444,
      "cpdag_recall": 0.36363636363636365,
      "cpdag_f1": 0.39999999999999997,
      "time": 0.06813192367553711
    },
    "gCastle NOTEARS": {
      "shd": 6.0,
      "precision": 0.42857142857142855,
      "recall": 0.2727272727272727,
      "f1": 0.33333333333333326,
      "tp": 3,
      "fp": 4,
      "fn": 8,
      "true_edges": 11,
      "found_edges": 7,
      "cpdag_shd": 14.0,
      "cpdag_precision": 0.2857142857142857,
      "cpdag_recall": 0.18181818181818182,
      "cpdag_f1": 0.2222222222222222,
      "time": 4.422785758972168
    },
    "CB NOTEARS": {
      "shd": 6.5,
      "precision": 0.25,
      "recall": 0.09090909090909091,
      "f1": 0.13333333333333333,
      "tp": 1,
      "fp": 3,
      "fn": 10,
      "true_edges": 11,
      "found_edges": 4,
      "cpdag_shd": 11.0,
      "cpdag_precision": 0.5,
      "cpdag_recall": 0.18181818181818182,
      "cpdag_f1": 0.26666666666666666,
      "time": 0.17595362663269043
    },
    "CB Bootstrap": {
      "shd": 8.0,
      "precision": 0.3333333333333333,
      "recall": 0.45454545454545453,
      "f1": 0.3846153846153846,
      "tp": 5,
      "fp": 10,
      "fn": 6,
      "true_edges": 11,
      "found_edges": 15,
      "cpdag_shd": 16.0,
      "cpdag_precision": 0.3333333333333333,
      "cpdag_recall": 0.45454545454545453,
      "cpdag_f1": 0.3846153846153846,
      "time": 3.742759943008423
    },
    "CB Bootstrap+Prior": {
      "shd": 8.0,
      "precision": 0.3333333333333333,
      "recall": 0.45454545454545453,
      "f1": 0.3846153846153846,
      "tp": 5,
      "fp": 10,
      "fn": 6,
      "true_edges": 11,
      "found_edges": 15,
      "cpdag_shd": 16.0,
      "cpdag_precision": 0.3333333333333333,
      "cpdag_recall": 0.45454545454545453,
      "cpdag_f1": 0.3846153846153846,
      "time": 3.753382921218872
    }
  },
  "Synthetic (6 vars, ground truth)": {
    "CausalNex": {
      "error": "failed"
    },
    "gCastle GES": {
      "shd": 6.0,
      "precision": 0.2222222222222222,
      "recall": 0.2857142857142857,
      "f1": 0.25,
      "tp": 2,
      "fp": 7,
      "fn": 5,
      "true_edges": 7,
      "found_edges": 9,
      "cpdag_shd": 8.0,
      "cpdag_precision": 0.4444444444444444,
      "cpdag_recall": 0.5714285714285714,
      "cpdag_f1": 0.5,
      "time": 0.1293501853942871
    },
    "gCastle PC": {
      "shd": 5.5,
      "precision": 0.25,
      "recall": 0.2857142857142857,
      "f1": 0.26666666666666666,
      "tp": 2,
      "fp": 6,
      "fn": 5,
      "true_edges": 7,
      "found_edges": 8,
      "cpdag_shd": 7.0,
      "cpdag_precision": 0.5,
      "cpdag_recall": 0.5714285714285714,
      "cpdag_f1": 0.5333333333333333,
      "time": 0.04399991035461426
    },
    "gCastle NOTEARS": {
      "shd": 6.0,
      "precision": 0.0,
      "recall": 0.0,
      "f1": 0.0,
      "tp": 0,
      "fp": 5,
      "fn": 7,
      "true_edges": 7,
      "found_edges": 5,
      "cpdag_shd": 6.0,
      "cpdag_precision": 0.6,
      "cpdag_recall": 0.42857142857142855,
      "cpdag_f1": 0.5,
      "time": 2.3465983867645264
    },
    "CB NOTEARS": {
      "shd": 1.5,
      "precision": 1.0,
      "recall": 0.5714285714285714,
      "f1": 0.7272727272727273,
      "tp": 4,
      "fp": 0,
      "fn": 3,
      "true_edges": 7,
      "found_edges": 4,
      "cpdag_shd": 3.0,
      "cpdag_precision": 1.0,
      "cpdag_recall": 0.5714285714285714,
      "cpdag_f1": 0.7272727272727273,
      "time": 0.24380040168762207
    },
    "CB Bootstrap": {
      "shd": 0.5,
      "precision": 0.875,
      "recall": 1.0,
      "f1": 0.9333333333333333,
      "tp": 7,
      "fp": 1,
      "fn": 0,
      "true_edges": 7,
      "found_edges": 8,
      "cpdag_shd": 1.0,
      "cpdag_precision": 0.875,
      "cpdag_recall": 1.0,
      "cpdag_f1": 0.9333333333333333,
      "time": 5.12811279296875
    },
    "CB Bootstrap+Prior": {
      "shd": 0.5,
      "precision": 0.875,
      "recall": 1.0,
      "f1": 0.9333333333333333,
      "tp": 7,
      "fp": 1,
      "fn": 0,
      "true_edges": 7,
      "found_edges": 8,
      "cpdag_shd": 1.0,
      "cpdag_precision": 0.875,
      "cpdag_recall": 1.0,
      "cpdag_f1": 0.9333333333333333,
      "time": 5.1530067920684814
    }
  }
}