{
  "without_prior": {
    "shd": 2.0,
    "f1": 0.6,
    "precision": 0.75,
    "recall": 0.5,
    "ece": 0.09420916515746502,
    "n_edges": 4
  },
  "with_prior": {
    "shd": 1.5,
    "f1": 0.7272727272727272,
    "precision": 0.8,
    "recall": 0.6666666666666666,
    "ece": 0.025351963363956273,
    "n_edges": 5
  }
}