{
  "d5_s42_RPE": {
    "experiment": "rpe_vs_bootstrap",
    "seed": 42,
    "method": "RPE",
    "shd": 0.0,
    "f1": 1.0,
    "precision": 1.0,
    "recall": 1.0,
    "ece": 0.022727272727272728,
    "brier": 0.0028925619834710746,
    "avg_entropy": 0.055521892604222245,
    "intermediate_edges": 4,
    "total_possible_edges": 20
  },
  "d5_s42_Bootstrap": {
    "experiment": "rpe_vs_bootstrap",
    "seed": 42,
    "method": "Bootstrap",
    "shd": 0.0,
    "f1": 1.0,
    "precision": 1.0,
    "recall": 1.0,
    "ece": 0.10300000000000001,
    "brier": 0.03858,
    "avg_entropy": 0.15683316362002833,
    "intermediate_edges": 7,
    "total_possible_edges": 20
  },
  "d5_s42_Single": {
    "experiment": "rpe_vs_bootstrap",
    "seed": 42,
    "method": "Single",
    "shd": 0.0,
    "f1": 1.0,
    "precision": 1.0,
    "recall": 1.0,
    "ece": 0.0,
    "brier": 0.0,
    "avg_entropy": -9.999999889225291e-09,
    "intermediate_edges": 0,
    "total_possible_edges": 20
  },
  "d5_s43_RPE": {
    "experiment": "rpe_vs_bootstrap",
    "seed": 43,
    "method": "RPE",
    "shd": 5.0,
    "f1": 0.16666666666666666,
    "precision": 0.14285714285714285,
    "recall": 0.2,
    "ece": 0.38181818181818183,
    "brier": 0.43966942148760324,
    "avg_entropy": 0.11058458235804558,
    "intermediate_edges": 7,
    "total_possible_edges": 20
  },
  "d5_s43_Bootstrap": {
    "experiment": "rpe_vs_bootstrap",
    "seed": 43,
    "method": "Bootstrap",
    "shd": 5.0,
    "f1": 0.16666666666666666,
    "precision": 0.14285714285714285,
    "recall": 0.2,
    "ece": 0.352,
    "brier": 0.44699999999999995,
    "avg_entropy": 0.1287622442280947,
    "intermediate_edges": 5,
    "total_possible_edges": 20
  },
  "d5_s43_Single": {
    "experiment": "rpe_vs_bootstrap",
    "seed": 43,
    "method": "Single",
    "shd": 5.0,
    "f1": 0.16666666666666666,
    "precision": 0.14285714285714285,
    "recall": 0.2,
    "ece": 0.2,
    "brier": 0.5,
    "avg_entropy": -9.999999889225291e-09,
    "intermediate_edges": 0,
    "total_possible_edges": 20
  },
  "d5_s44_RPE": {
    "experiment": "rpe_vs_bootstrap",
    "seed": 44,
    "method": "RPE",
    "shd": 2.0,
    "f1": 0.3333333333333333,
    "precision": 0.25,
    "recall": 0.5,
    "ece": 0.1772727272727273,
    "brier": 0.1359504132231405,
    "avg_entropy": 0.18835330293972558,
    "intermediate_edges": 9,
    "total_possible_edges": 20
  },
  "d5_s44_Bootstrap": {
    "experiment": "rpe_vs_bootstrap",
    "seed": 44,
    "method": "Bootstrap",
    "shd": 1.5,
    "f1": 0.4,
    "precision": 0.3333333333333333,
    "recall": 0.5,
    "ece": 0.127,
    "brier": 0.07578,
    "avg_entropy": 0.20788704300482763,
    "intermediate_edges": 8,
    "total_possible_edges": 20
  },
  "d5_s44_Single": {
    "experiment": "rpe_vs_bootstrap",
    "seed": 44,
    "method": "Single",
    "shd": 1.5,
    "f1": 0.4,
    "precision": 0.3333333333333333,
    "recall": 0.5,
    "ece": 0.05,
    "brier": 0.15,
    "avg_entropy": -9.999999889225291e-09,
    "intermediate_edges": 0,
    "total_possible_edges": 20
  }
}